Pressure,Uptake,Error
1,0.000197909,6.09E-05
3,0.000791634,0.000268659
10,0.002908394,0.000215643
20,0.006315861,0.000283639
40,0.012821027,0.001523889
100,0.030589765,0.001943135
1000,0.305630899,0.005397467
10000,2.883354205,0.041818478
40000,9.569855103,0.114743577
100000,19.17879282,0.090976226
1000000,66.17734591,0.261015908
10000000,153.2377691,0.987750438
